X,Y,Reuse,Resource,Accuracy
10.0,9.0,2500.0,0.005077182826821032,0.09761904761904762
